[
    {
        "card_title": "general",
        "content_type": "COMPLEX",
        "content": [
            {
                "inner_title": "CLI Version",
                "content_type": "FLAG",
                "content": "8.6.1",
                "doc_link": "",
                "tooltip": "",
                "unsound": false
            },
            {
                "inner_title": "branch",
                "content_type": "FLAG",
                "content": "main",
                "doc_link": "",
                "tooltip": "",
                "unsound": false
            },
            {
                "inner_title": "origin",
                "content_type": "FLAG",
                "content": "https://github.com/avaloki108/keystore.git",
                "doc_link": "",
                "tooltip": "",
                "unsound": false
            },
            {
                "inner_title": "revision",
                "content_type": "FLAG",
                "content": "806fc6a051c2199a144150f2d5ef8a9034d3cca6",
                "doc_link": "",
                "tooltip": "",
                "unsound": false
            }
        ]
    },
    {
        "card_title": "files",
        "content_type": "SIMPLE",
        "content": [
            {
                "inner_title": "files",
                "content_type": "SIMPLE",
                "content": [
                    "src/verifier/UserOpWebAuthnVerifier.sol"
                ],
                "doc_link": "https://docs.certora.com/en/latest/docs/prover/cli/options.html#files",
                "tooltip": "",
                "unsound": false
            }
        ]
    },
    {
        "card_title": "options",
        "content_type": "COMPLEX",
        "content": [
            {
                "inner_title": "verify",
                "content_type": "FLAG",
                "content": "UserOpWebAuthnVerifier:cvl/webauthn_verifier.cvl",
                "doc_link": "https://docs.certora.com/en/latest/docs/prover/cli/options.html#verify",
                "tooltip": "",
                "unsound": false
            },
            {
                "inner_title": "hashing_length_bound",
                "content_type": "FLAG",
                "content": 2048,
                "doc_link": "https://docs.certora.com/en/latest/docs/prover/cli/options.html#hashing-length-bound",
                "tooltip": "",
                "unsound": false
            },
            {
                "inner_title": "loop_iter",
                "content_type": "FLAG",
                "content": 3,
                "doc_link": "https://docs.certora.com/en/latest/docs/prover/cli/options.html#loop-iter",
                "tooltip": "",
                "unsound": false
            },
            {
                "inner_title": "msg",
                "content_type": "FLAG",
                "content": "WebAuthn Verifier Formal Verification - Bounty Hunt",
                "doc_link": "https://docs.certora.com/en/latest/docs/prover/cli/options.html#msg",
                "tooltip": "",
                "unsound": false
            },
            {
                "inner_title": "optimistic_hashing",
                "content_type": "FLAG",
                "content": "true",
                "doc_link": "https://docs.certora.com/en/latest/docs/prover/cli/options.html#optimistic-hashing",
                "tooltip": "",
                "unsound": true
            },
            {
                "inner_title": "optimistic_loop",
                "content_type": "FLAG",
                "content": "true",
                "doc_link": "https://docs.certora.com/en/latest/docs/prover/cli/options.html#optimistic-loop",
                "tooltip": "",
                "unsound": true
            },
            {
                "inner_title": "rule_sanity",
                "content_type": "FLAG",
                "content": "basic",
                "doc_link": "https://docs.certora.com/en/latest/docs/prover/cli/options.html#rule-sanity",
                "tooltip": "",
                "unsound": false
            }
        ]
    },
    {
        "card_title": "packages",
        "content_type": "SIMPLE",
        "content": [
            {
                "inner_title": "packages",
                "content_type": "SIMPLE",
                "content": [
                    "@openzeppelin/contracts=lib/openzeppelin-contracts/contracts",
                    "account-abstraction=lib/account-abstraction/contracts",
                    "forge-std=lib/forge-std/src",
                    "solady=lib/solady/src"
                ],
                "doc_link": "https://docs.certora.com/en/latest/docs/prover/cli/options.html#packages",
                "tooltip": "",
                "unsound": false
            }
        ]
    },
    {
        "card_title": "solidity_compiler",
        "content_type": "COMPLEX",
        "content": [
            {
                "inner_title": "solc",
                "content_type": "FLAG",
                "content": "solc",
                "doc_link": "https://docs.certora.com/en/latest/docs/prover/cli/options.html#solc",
                "tooltip": "",
                "unsound": false
            }
        ]
    }
]