[
    {
        "card_title": "general",
        "content_type": "COMPLEX",
        "content": [
            {
                "inner_title": "CLI Version",
                "content_type": "FLAG",
                "content": "8.6.1",
                "doc_link": "",
                "tooltip": "",
                "unsound": false
            },
            {
                "inner_title": "branch",
                "content_type": "FLAG",
                "content": "main",
                "doc_link": "",
                "tooltip": "",
                "unsound": false
            },
            {
                "inner_title": "origin",
                "content_type": "FLAG",
                "content": "https://github.com/avaloki108/forwarding-address.git",
                "doc_link": "",
                "tooltip": "",
                "unsound": false
            },
            {
                "inner_title": "revision",
                "content_type": "FLAG",
                "content": "0fe8a4a563a2378deb8d6ac472392ed5f99e6610",
                "doc_link": "",
                "tooltip": "",
                "unsound": false
            }
        ]
    },
    {
        "card_title": "files",
        "content_type": "SIMPLE",
        "content": [
            {
                "inner_title": "files",
                "content_type": "SIMPLE",
                "content": [
                    "src/ForwardingAddress.sol"
                ],
                "doc_link": "https://docs.certora.com/en/latest/docs/prover/cli/options.html#files",
                "tooltip": "",
                "unsound": false
            }
        ]
    },
    {
        "card_title": "options",
        "content_type": "COMPLEX",
        "content": [
            {
                "inner_title": "verify",
                "content_type": "FLAG",
                "content": "ForwardingAddress:certora/specs/ForwardingAddress.spec",
                "doc_link": "https://docs.certora.com/en/latest/docs/prover/cli/options.html#verify",
                "tooltip": "",
                "unsound": false
            },
            {
                "inner_title": "msg",
                "content_type": "FLAG",
                "content": "ForwardingAddress Verification",
                "doc_link": "https://docs.certora.com/en/latest/docs/prover/cli/options.html#msg",
                "tooltip": "",
                "unsound": false
            },
            {
                "inner_title": "wait_for_results",
                "content_type": "FLAG",
                "content": "all",
                "doc_link": "https://docs.certora.com/en/latest/docs/prover/cli/options.html#wait-for-results",
                "tooltip": "",
                "unsound": false
            }
        ]
    },
    {
        "card_title": "packages",
        "content_type": "SIMPLE",
        "content": [
            {
                "inner_title": "packages",
                "content_type": "SIMPLE",
                "content": [
                    "@openzeppelin/contracts=lib/openzeppelin-contracts/contracts",
                    "solady=lib/solady/src"
                ],
                "doc_link": "https://docs.certora.com/en/latest/docs/prover/cli/options.html#packages",
                "tooltip": "",
                "unsound": false
            }
        ]
    }
]